Job_Title,Years_of_Professional_Experience_Overall,Total_Compensation
"Operations Manager","8 - 10 years",103097970.00
"Senior Software Engineer","11 - 20 years",18184834.90
Director,"11 - 20 years",15547152.40
"Software Engineer","5-7 years",15239772.70
"Software Engineer","11 - 20 years",12661730.00
"Software Engineer","2 - 4 years",12383532.00
"Software Engineer","8 - 10 years",12087120.80
"Product Manager","11 - 20 years",9368712.00
"Project Manager","11 - 20 years",8297021.10
Partner,"11 - 20 years",8129950.00
"Senior Software Engineer","8 - 10 years",8117743.00
"Engineering Manager","11 - 20 years",7980336.00
"Program Manager","11 - 20 years",6923108.70
Director,"21 - 30 years",6499329.00
"Staff Software Engineer","11 - 20 years",5851181.00
Partner,"21 - 30 years",5763500.00
"Project Manager","8 - 10 years",5620437.70
Manager,"11 - 20 years",5575439.20
"Managing Director","11 - 20 years",5549590.00
"Vice President","11 - 20 years",5460074.00
Associate,"5-7 years",5423384.40
"Senior Software Engineer","5-7 years",5284696.00
"Engineering Manager","21 - 30 years",5221423.00
"Senior Manager","11 - 20 years",5098257.00
Attorney,"11 - 20 years",4849544.00
"Senior Software Engineer","21 - 30 years",4497807.50
"Product Manager","8 - 10 years",4422209.00
"Program Manager","8 - 10 years",4402002.00
"Director Of Engineering","11 - 20 years",4323460.00
Librarian,"11 - 20 years",4297027.80
"Software Developer","11 - 20 years",4091518.40
"Marketing Manager","8 - 10 years",3989056.00
"Senior Director","11 - 20 years",3824000.00
"Project Manager","5-7 years",3815271.30
Director,"8 - 10 years",3757335.00
Associate,"8 - 10 years",3722627.00
Teacher,"11 - 20 years",3707400.50
"Executive Director","11 - 20 years",3655631.00
"Japanese To English Translator","8 - 10 years",3600000.00
Attorney,"8 - 10 years",3547500.00
Associate,"2 - 4 years",3429213.40
"Project Manager","21 - 30 years",3423567.00
"Principal Engineer","11 - 20 years",3418660.00
Partner,"8 - 10 years",3412550.00
Manager,"8 - 10 years",3405542.00
Attorney,"5-7 years",3392280.00
"Marketing Manager","11 - 20 years",3376550.40
"Product Manager","5-7 years",3368348.00
"Assistant Professor","5-7 years",3254369.30
"Data Scientist","5-7 years",3251854.00
"Operations Manager","11 - 20 years",3183816.00
Controller,"11 - 20 years",3183351.00
Counsel,"11 - 20 years",3138450.00
"Engineering Manager","8 - 10 years",3125272.50
"Software Engineering Manager","11 - 20 years",3081100.00
"Hr Manager","11 - 20 years",3038248.00
"Software Development Manager","11 - 20 years",3028497.00
"Owner And Ceo ","21 - 30 years",3000000.00
"Associate Director","11 - 20 years",2959481.00
Attorney,"21 - 30 years",2946628.00
"Principal Software Engineer","11 - 20 years",2946300.00
"Marketing Director","11 - 20 years",2925482.00
"Data Scientist","11 - 20 years",2814645.00
"Executive Assistant","11 - 20 years",2813075.10
"Senior Project Manager","11 - 20 years",2793820.00
"Director Of Engineering","21 - 30 years",2785885.00
"Senior Manager","8 - 10 years",2764500.00
"Associate Attorney","11 - 20 years",2741500.00
"Chief Of Staff","11 - 20 years",2710463.00
"Associate Attorney","5-7 years",2687490.00
"Senior Director","21 - 30 years",2680000.00
"Principal Software Engineer","8 - 10 years",2643150.00
"Senior Software Engineer","2 - 4 years",2642100.00
Consultant,"8 - 10 years",2606752.50
Consultant,"11 - 20 years",2555620.00
"Staff Software Engineer","21 - 30 years",2537800.00
"Program Manager","5-7 years",2531996.20
"Software Developer","5-7 years",2527066.70
"Senior Manager","21 - 30 years",2510572.40
"Senior Product Manager","11 - 20 years",2500820.00
"Assistant Director","11 - 20 years",2490696.00
"Software Engineer","21 - 30 years",2465216.00
"Data Analyst","2 - 4 years",2406819.50
Analyst,"11 - 20 years",2389771.80
"Associate Professor","11 - 20 years",2367812.30
"Data Scientist","2 - 4 years",2362632.40
"Senior Software Developer","11 - 20 years",2356438.00
"Security Engineer","5-7 years",2348500.00
"Assistant Professor","11 - 20 years",2327339.00
Manager,"21 - 30 years",2320100.00
"Executive Assistant","21 - 30 years",2308042.50
"Senior Engineer","11 - 20 years",2295823.00
"Senior Researcher","11 - 20 years",2253200.00
"Data Analyst","8 - 10 years",2231461.00
"Data Analyst","5-7 years",2191993.00
"Program Manager","21 - 30 years",2191050.00
"Software Developer","2 - 4 years",2185970.50
Librarian,"5-7 years",2125710.00
"Software Engineer ","11 - 20 years",2106312.50
Director,"5-7 years",2089758.00
"Director Of Operations","11 - 20 years",2022410.00
"Accounting Manager","11 - 20 years",2005580.00
"Senior Consultant","8 - 10 years",2004438.00
"Content Creator","41 years or more",2000000.00
"Software Engineer Ii","5-7 years",1989561.00
"Engineering Manager","5-7 years",1979537.50
"Director Of Marketing","11 - 20 years",1969250.00
"Software Engineer","1 year or less",1965608.80
Editor,"11 - 20 years",1950788.00
"Senior Consultant","5-7 years",1948740.00
Librarian,"21 - 30 years",1925546.00
Manager,"5-7 years",1923667.00
"Lead Software Engineer","11 - 20 years",1918400.00
"Senior Counsel","11 - 20 years",1900500.00
"Attending Physician (General Internal Medicine)","5-7 years",1900000.00
Teacher,"21 - 30 years",1892303.00
"Office Manager","11 - 20 years",1855799.00
"Vice President","8 - 10 years",1836750.00
"Account Manager","11 - 20 years",1821002.00
"Senior Associate","8 - 10 years",1814820.00
Librarian,"8 - 10 years",1758109.00
"General Manager","11 - 20 years",1755175.50
"Executive Director","21 - 30 years",1733141.80
Professor,"21 - 30 years",1726221.00
Professor,"11 - 20 years",1708680.00
"Hr Manager","8 - 10 years",1708002.80
Paralegal,"11 - 20 years",1694359.70
"Business Analyst","8 - 10 years",1686999.00
"Hr Director","11 - 20 years",1676200.00
"Director Of Human Resources","11 - 20 years",1650700.00
"Associate Attorney","8 - 10 years",1648900.00
"Executive Director ","11 - 20 years",1636500.00
"Data Analyst","11 - 20 years",1614260.00
"Office Manager","21 - 30 years",1613525.40
"Cyber Security Management","2 - 4 years",1612000.00
"Staff Engineer","11 - 20 years",1609166.00
"Marketing Manager","5-7 years",1608727.00
"Business Analyst","11 - 20 years",1608073.00
"General Counsel","11 - 20 years",1590800.00
"Senior Consultant","11 - 20 years",1587967.50
"Staff Software Engineer ","11 - 20 years",1572000.00
"Executive Assistant","8 - 10 years",1569111.90
Teacher,"8 - 10 years",1563898.10
"Director Of Engineering ","11 - 20 years",1558200.00
"Project Manager","2 - 4 years",1549821.40
"It Manager","11 - 20 years",1546095.00
"Mechanical Engineer","5-7 years",1540820.00
"Lead Developer","11 - 20 years",1539000.00
"Registered Nurse","11 - 20 years",1520431.00
"Senior Data Scientist","5-7 years",1516514.00
"Senior Engineering Manager","11 - 20 years",1502150.00
"Principal Software Engineer","21 - 30 years",1482023.00
Analyst,"2 - 4 years",1481306.70
"Administrative Assistant","11 - 20 years",1480116.60
"Senior Analyst","5-7 years",1477695.00
"Senior Program Manager","11 - 20 years",1476045.00
Rn,"21 - 30 years",1473665.00
"Program Director","11 - 20 years",1472938.00
"Executive Assistant ","21 - 30 years",1460531.70
"Senior Policy Advisor","11 - 20 years",1458661.00
"Associate ","5-7 years",1450154.00
"Agricultural Supply Line Negotiating Consultant","2 - 4 years",1450000.00
"Software Engineer Ii","2 - 4 years",1441371.00
Consultant,"5-7 years",1437822.00
"Associate General Counsel","11 - 20 years",1431200.00
"Software Engineering Manager","8 - 10 years",1423180.00
"Senior Editor","11 - 20 years",1419677.50
"Associate Director","8 - 10 years",1413709.80
"Security Engineer","11 - 20 years",1407257.00
"Senior Product Manager","21 - 30 years",1405000.00
"Web Developer","11 - 20 years",1401615.60
"Data Scientist","8 - 10 years",1401090.00
"Senior Analyst","11 - 20 years",1398420.00
"Software Developer","8 - 10 years",1395587.00
Teacher,"5-7 years",1374696.10
"General Manager","21 - 30 years",1368320.00
"Senior Financial Analyst","5-7 years",1366450.00
"Finance Manager","11 - 20 years",1357316.50
"Site Reliability Engineer","11 - 20 years",1356180.00
"Administrative Assistant","5-7 years",1328526.30
"Operations Manager","5-7 years",1328075.00
"Assistant Professor","8 - 10 years",1321271.00
"Senior Associate","5-7 years",1315368.00
"Senior Staff Engineer","11 - 20 years",1297400.00
"Executive Assistant ","11 - 20 years",1288809.10
"Senior Staff Software Engineer","21 - 30 years",1287000.00
"Software Architect","11 - 20 years",1281894.30
"Account Manager","8 - 10 years",1276750.00
"Hr Manager","21 - 30 years",1264684.50
"Program Associate","2 - 4 years",1257195.00
"Director Of Communications","11 - 20 years",1253265.00
"Associate Attorney","2 - 4 years",1244945.00
Scientist,"5-7 years",1244900.00
"Communications Director","11 - 20 years",1237740.00
"Project Engineer","11 - 20 years",1233056.70
"Product Manager","21 - 30 years",1226095.00
"Director Of Engineering","8 - 10 years",1223600.00
"Senior Developer","11 - 20 years",1221425.00
"Technical Writer","11 - 20 years",1218003.90
"Program Manager","2 - 4 years",1194517.00
"Technical Writer","5-7 years",1194420.00
"Communications Manager","11 - 20 years",1194000.00
"Customer Success Manager","11 - 20 years",1190750.00
"Operations Manager","21 - 30 years",1190257.30
"Vice President ","11 - 20 years",1176900.00
Analyst,"5-7 years",1170035.00
"Nurse Practitioner","11 - 20 years",1162670.00
Physician,"5-7 years",1156250.00
"Data Engineer","8 - 10 years",1155412.50
"It Manager","21 - 30 years",1153100.00
"Business Analyst","5-7 years",1151405.70
Cto,"21 - 30 years",1147855.00
"Solutions Architect","11 - 20 years",1144523.00
Vp,"21 - 30 years",1141904.00
"Senior Analyst","8 - 10 years",1136813.50
"Financial Analyst","2 - 4 years",1136554.00
"Senior Business Systems Analyst ","8 - 10 years",1136000.00
"Senior Software Engineer ","11 - 20 years",1135860.00
Engineer,"11 - 20 years",1132824.00
"Associate Director ","11 - 20 years",1131792.00
"Human Resources Manager","11 - 20 years",1128855.00
"Associate Attorney ","5-7 years",1123000.00
Associate,"11 - 20 years",1122838.00
"Compliance Manager","11 - 20 years",1117520.00
Editor,"8 - 10 years",1113766.20
"Project Manager ","11 - 20 years",1113671.50
"Executive Assistant","5-7 years",1111699.50
Physician,"8 - 10 years",1110000.00
"Graphic Designer","11 - 20 years",1107940.00
"Account Manager","5-7 years",1105095.40
Ceo,"11 - 20 years",1102300.00
"Senior Software Engineer","31 - 40 years",1101120.00
"Senior Program Manager","8 - 10 years",1100750.00
"Senior Software Developer","8 - 10 years",1099854.00
"Process Engineer","5-7 years",1098874.00
"Editor In Chief","21 - 30 years",1095000.00
"Sr. Research Associate","2 - 4 years",1095000.00
"Research Scientist","5-7 years",1080932.00
"Product Manager","2 - 4 years",1080314.50
"Director ","11 - 20 years",1076980.00
Vp,"11 - 20 years",1075000.00
Svp,"11 - 20 years",1075000.00
"Executive Director ","21 - 30 years",1069990.00
Consultant,"21 - 30 years",1063664.80
"Manager Of Data Science ","11 - 20 years",1060000.00
"Software Engineer ","5-7 years",1055114.00
"Technical Writer","21 - 30 years",1051117.00
"Hr Generalist","11 - 20 years",1048880.00
"Attorney ","11 - 20 years",1045220.00
"Business Analyst","2 - 4 years",1043096.00
"Ux Designer ","2 - 4 years",1040000.00
"Principal Program Manager","21 - 30 years",1040000.00
"Process Engineer","2 - 4 years",1036100.00
"Senior Product Manager","8 - 10 years",1032243.80
"Staff Attorney","5-7 years",1031645.00
"Software Developer ","11 - 20 years",1031280.00
"Staff Accountant","11 - 20 years",1024153.00
"Senior Vice President","11 - 20 years",1019000.00
"Development Director","11 - 20 years",1015500.00
"Systems Engineer","11 - 20 years",1015200.00
"Senior Marketing Manager","11 - 20 years",1015132.10
Attorney,"2 - 4 years",1014050.00
"Software Engineer ","8 - 10 years",1012208.00
"Senior Corporate Counsel","11 - 20 years",1011500.00
Ceo,"21 - 30 years",999440.00
"Senior Ux Designer","11 - 20 years",998000.00
Editor,"21 - 30 years",997763.10
"Customer Success Manager","5-7 years",997068.00
"Director Of Operations","8 - 10 years",995400.00
"Senior Software Development Manager","11 - 20 years",993820.00
"Head Of Software Engineering","11 - 20 years",990000.00
"Deputy Director","11 - 20 years",987914.00
Purchaser,"11 - 20 years",986250.00
"Library Director","11 - 20 years",982520.00
"Vp Engineering","11 - 20 years",978000.00
Counsel,"21 - 30 years",970000.00
Operations,"11 - 20 years",968750.00
"Senior Associate","11 - 20 years",965020.00
"Software Developer","21 - 30 years",962287.50
"Business Systems Analyst Iii","11 - 20 years",958000.00
"Project Manager ","8 - 10 years",956049.00
"Senior Project Manager","8 - 10 years",954680.00
"Senior Data Scientist","8 - 10 years",950000.00
"Director, Software Development","11 - 20 years",950000.00
"Engagement Manager","5-7 years",947900.00
"Senior Engineer","21 - 30 years",946875.00
Manager,"2 - 4 years",946360.00
"Senior Product Designer","8 - 10 years",942000.00
"Program Coordinator","5-7 years",941512.00
"Business Systems Analyst","11 - 20 years",940434.00
Analyst,"8 - 10 years",940410.00
"Development Manager","21 - 30 years",940000.00
"Assistant Director","8 - 10 years",939575.00
"Software Development Manager","21 - 30 years",937350.00
"Product Designer","11 - 20 years",928335.00
"Assistant Director ","11 - 20 years",927936.00
"Sr Software Engineer","11 - 20 years",922500.00
"Senior Counsel","21 - 30 years",921000.00
Rn,"11 - 20 years",920430.00
"Executive Assistant","31 - 40 years",918818.10
"Chief Operating Officer","11 - 20 years",916500.00
"Tax Manager","11 - 20 years",914900.00
"Instructional Designer","11 - 20 years",908671.00
"Technical Program Manager","11 - 20 years",906608.00
"Product Owner","8 - 10 years",905195.00
"Senior Engineering Manager","8 - 10 years",904820.00
"Project Engineer","5-7 years",904150.00
"Senior Solutions Architect","11 - 20 years",904000.00
"Accounting Manager","8 - 10 years",900550.00
"Chief X Officer","21 - 30 years",900000.00
"Associate Director","21 - 30 years",898700.00
"Vice President","21 - 30 years",898400.00
"Staff Software Engineer","8 - 10 years",897500.00
"Associate Professor","8 - 10 years",896283.00
"Senior Scientist","11 - 20 years",895700.00
"Marketing Director","8 - 10 years",892390.00
"Director Of Hr","11 - 20 years",891909.00
Consultant,"2 - 4 years",891018.00
"Communications Manager","5-7 years",890000.00
"Senior Developer","21 - 30 years",884006.00
Analyst,"1 year or less",882941.00
"Senior Accountant","11 - 20 years",880221.50
"Senior Devops Engineer","11 - 20 years",873600.00
"Site Reliability Engineer","21 - 30 years",872200.00
"Program Coordinator","11 - 20 years",866002.00
"Art Director","11 - 20 years",865804.00
"Office Manager","8 - 10 years",864502.40
"Development Manager","11 - 20 years",863698.00
"Research Scientist","11 - 20 years",862000.00
"Site Reliability Engineer","5-7 years",859283.50
"Research Scientist","2 - 4 years",858603.00
"Research Associate","2 - 4 years",857839.00
"Team Lead","8 - 10 years",856104.80
"Business Analyst","21 - 30 years",853610.00
"Senior Director","31 - 40 years",853000.00
"Senior Advisor","21 - 30 years",852000.00
"Customer Success Manager","8 - 10 years",851398.00
"Branch Manager","11 - 20 years",848607.00
"Principal Consultant","11 - 20 years",841000.00
Manager,"31 - 40 years",840800.00
"Systems Architect","21 - 30 years",840000.00
"Senior Software Engineering Manager","11 - 20 years",840000.00
"Director Of Technology","11 - 20 years",835000.00
"Strategic Manager Of Communications","11 - 20 years",835000.00
"Account Executive ","11 - 20 years",834957.00
"Senior Engineering Manager","21 - 30 years",834000.00
Supervisor,"11 - 20 years",833310.00
"Research Analyst","21 - 30 years",833000.00
"Nurse Practitioner ","11 - 20 years",828800.00
"Principal Engineer","21 - 30 years",828598.00
"Materials Engineer","2 - 4 years",827000.00
Scientist,"2 - 4 years",826850.00
"Product Marketing Manager","5-7 years",822975.00
"Senior Consultant","2 - 4 years",820693.00
"Staff Security Engineer","21 - 30 years",816000.00
"Registered Nurse","21 - 30 years",815730.00
"Technical Lead","11 - 20 years",815500.00
"Vp Of Engineering","11 - 20 years",815000.00
"Solution Architect","11 - 20 years",813966.00
"Director Of Development","8 - 10 years",811000.00
"Policy Analyst","11 - 20 years",810352.20
Scientist,"8 - 10 years",807804.00
"Hr Manager","5-7 years",806534.00
"Hr Business Partner","11 - 20 years",805312.00
"Administrative Assistant","8 - 10 years",802824.40
"Associate Professor","21 - 30 years",801579.00
"Medical Librarian","31 - 40 years",800000.00
"Director Of Front Office ","11 - 20 years",800000.00
"Hr Director","21 - 30 years",798800.00
"Senior Software Developer","21 - 30 years",797424.30
Paralegal,"8 - 10 years",789378.00
"Finance Manager","8 - 10 years",786206.00
"Executive Director","8 - 10 years",786131.00
"Office Manager","5-7 years",786045.00
"Project Coordinator","5-7 years",784920.10
"Digital Marketing Manager","8 - 10 years",782231.00
"Communications Manager","8 - 10 years",780730.80
"Research Manager","5-7 years",778550.00
Instructor,"11 - 20 years",777758.00
"Managing Editor","11 - 20 years",777337.40
Paralegal,"21 - 30 years",775569.00
"Instructional Designer","8 - 10 years",772009.30
"Senior Associate","2 - 4 years",770000.00
"Training Manager","11 - 20 years",766303.60
"Senior Data Analyst","5-7 years",765625.00
"Software Architect","31 - 40 years",764000.00
Rn,"8 - 10 years",762890.00
"Attorney ","8 - 10 years",760000.00
Cto,"11 - 20 years",758904.00
"Systems Engineer","2 - 4 years",758000.00
"Director Of Programs","11 - 20 years",757940.00
"Senior Engineer","8 - 10 years",755540.00
"Graphic Designer","8 - 10 years",755258.00
Attorney,"31 - 40 years",751500.00
"Senior Project Manager","21 - 30 years",750385.00
"Admin Manager","1 year or less",750000.00
"Graphic Designer","5-7 years",749550.00
"Devops Engineer","5-7 years",749054.00
"Senior Data Scientist","2 - 4 years",749000.00
"Product Owner","11 - 20 years",746875.00
"Senior Engineer","5-7 years",743000.00
"Senior Program Manager","5-7 years",742428.80
"Senior Financial Analyst","8 - 10 years",741403.00
"Senior Editor","21 - 30 years",741200.00
"Director ","5-7 years",740000.00
Owner,"11 - 20 years",735000.00
"Technical Editor","11 - 20 years",733233.00
"Registered Nurse","5-7 years",732325.00
Accountant,"21 - 30 years",732268.00
Coo,"11 - 20 years",730920.00
"Senior Marketing Manager","8 - 10 years",730030.50
"Managing Editor","21 - 30 years",730018.00
"Assistant General Counsel","21 - 30 years",730000.00
"Library Director","21 - 30 years",729122.00
"Chief Technology Officer","11 - 20 years",727000.00
"It Director","21 - 30 years",726641.00
"Research Associate","5-7 years",726241.00
"Sr. Software Engineer","8 - 10 years",724750.00
"Senior Project Manager","5-7 years",723900.00
"Senior Technical Writer","21 - 30 years",723292.40
"Senior Security Engineer","8 - 10 years",723000.00
"High School Teacher","11 - 20 years",721460.60
"Director Of It","21 - 30 years",719600.00
"Data Analyst","21 - 30 years",718837.00
"Deputy General Counsel","11 - 20 years",717000.00
"Hr Generalist","5-7 years",716572.00
"Senior Account Manager","11 - 20 years",716500.00
"It Project Manager","11 - 20 years",714301.00
"Director Of Technology","21 - 30 years",714000.00
"Production Manager","11 - 20 years",710200.00
Lecturer,"11 - 20 years",708676.90
Architect,"11 - 20 years",705829.00
Teacher,"2 - 4 years",705425.60
Pharmacist,"5-7 years",704718.00
"Analytics Manager","5-7 years",703000.00
"Human Resources Manager","21 - 30 years",702050.00
"Account Executive","5-7 years",702000.00
"Senior Vice President","21 - 30 years",702000.00
"Production Services Manager","11 - 20 years",701000.00
"Director Of Strategic Initiatives ","11 - 20 years",700000.00
"Licensed Professional Counselor ","2 - 4 years",700000.00
"Team Lead","11 - 20 years",699922.70
"Staff Attorney","8 - 10 years",697291.00
"Senior Editor","8 - 10 years",696368.00
"Special Education Teacher","11 - 20 years",693920.00
"Project Coordinator","8 - 10 years",693761.00
"Senior Program Manager","21 - 30 years",692770.00
"Consultant ","11 - 20 years",690500.00
President,"11 - 20 years",690000.00
"Human Resources Manager","8 - 10 years",687744.00
"Account Director","11 - 20 years",684250.00
Economist,"5-7 years",683510.50
"Executive Assistant","2 - 4 years",682663.00
"Accounting Manager","21 - 30 years",681000.00
"Administrative Assistant","2 - 4 years",680090.00
"Account Executive","8 - 10 years",678035.00
"Project Coordinator","11 - 20 years",676310.00
"Creative Director ","21 - 30 years",675000.00
"Business Development Manager","8 - 10 years",673580.00
Archivist,"8 - 10 years",672673.80
"Marketing Manager ","11 - 20 years",672000.00
"Learning Specialist","21 - 30 years",671040.00
"Civil Engineer","5-7 years",665187.00
"Associate Director, Marketing","11 - 20 years",664540.50
"Director, Clinical Operations ","11 - 20 years",664500.00
"Program Analyst","8 - 10 years",661883.00
Recruiter,"11 - 20 years",659700.00
Cfo,"31 - 40 years",658400.00
Paralegal,"5-7 years",658305.00
"Account Executive","11 - 20 years",658300.00
"Program Analyst","11 - 20 years",658285.90
"Education Technology Manager","11 - 20 years",657900.00
"Quality Engineer","2 - 4 years",656004.00
"Quality Engineer","11 - 20 years",655000.00
Paralegal,"2 - 4 years",654810.00
"Physician ","5-7 years",650000.00
"Vp, Analytics","21 - 30 years",650000.00
"Chief Product Officer","21 - 30 years",649250.00
"Associate General Counsel","8 - 10 years",648685.00
"Assistant Professor ","11 - 20 years",647500.00
"Vp Product","11 - 20 years",647072.00
"Managing Principal","11 - 20 years",645000.00
"Digital Marketing Manager","11 - 20 years",644426.90
"Assistant Professor","2 - 4 years",644100.00
"Data Engineer","5-7 years",644000.00
"Director Of Development","11 - 20 years",643700.00
"Production Manager","8 - 10 years",643044.00
Counsel,"8 - 10 years",642500.00
Coordinator,"8 - 10 years",640550.00
"Managing Director","31 - 40 years",640000.00
"Vice Principal","11 - 20 years",640000.00
Accountant,"11 - 20 years",639850.00
"Assistant Director","5-7 years",639535.00
"Senior Technical Writer","11 - 20 years",638618.50
"Software Engineer ","2 - 4 years",637765.40
Editor,"5-7 years",635580.00
"Staff Software Engineer","5-7 years",634200.00
"Program Coordinator","2 - 4 years",633778.00
Ceo,"31 - 40 years",633138.00
"Hr Director ","11 - 20 years",632890.00
"It Security Consultant ","21 - 30 years",632000.00
"Software Architect","21 - 30 years",628870.00
"Mechanical Engineer","2 - 4 years",627425.00
"Hr Generalist","8 - 10 years",626600.00
"Manager, Program Management","11 - 20 years",623000.00
"Principal Product Manager","21 - 30 years",621000.00
"Principal Software Engineer ","11 - 20 years",621000.00
"Research Assistant","2 - 4 years",620326.00
Realtor,"8 - 10 years",619400.00
"Electrical Engineer","2 - 4 years",618970.00
"Senior Manager","5-7 years",615130.00
"Vice President","5-7 years",615000.00
"Pharmacy Manager","11 - 20 years",614747.00
"Registered Nurse","8 - 10 years",614384.70
"Communications Specialist","5-7 years",614117.00
"Principal Security Engineer","21 - 30 years",614000.00
"Account Manager ","11 - 20 years",613650.00
"Sr. Director","11 - 20 years",613000.00
"Software Development Engineer","8 - 10 years",612938.30
"Senior Consultant","21 - 30 years",612500.00
"Compensation Manager","11 - 20 years",611500.00
"Senior Staff Privacy Engineer","8 - 10 years",610000.00
"Consumer Marketing Lead","11 - 20 years",610000.00
"Senior Software Engineer ","8 - 10 years",608000.00
"Software Engineer 2","2 - 4 years",608000.00
"Lead Engineer","11 - 20 years",608000.00
"Senior Manager ","8 - 10 years",607000.00
"Engineering Manager","31 - 40 years",606000.00
"Data Engineer","2 - 4 years",602320.00
Underwriter,"11 - 20 years",601000.00
"Equity Partner","21 - 30 years",600000.00
"Vice President Of Production","31 - 40 years",600000.00
"Product Design Manager","11 - 20 years",600000.00
"Evp Product","11 - 20 years",600000.00
"Director Of Software Engineering","11 - 20 years",599000.00
Coordinator,"11 - 20 years",597450.00
"Principal Data Scientist","11 - 20 years",596500.00
"Systems Engineer","8 - 10 years",596000.00
"Account Manager","2 - 4 years",595650.00
"Senior Financial Analyst","11 - 20 years",595600.00
"Communications Specialist","11 - 20 years",594541.70
"Campaign Manager","8 - 10 years",592000.00
"Software Development Manager","8 - 10 years",592000.00
"Principal Program Manager","11 - 20 years",592000.00
"Principal Product Designer","11 - 20 years",591250.00
"Senior Analyst","2 - 4 years",591052.10
"Senior Director Of Marketing","11 - 20 years",590000.00
Analyst,"21 - 30 years",589000.00
"Program Manager ","11 - 20 years",587093.00
Director,"2 - 4 years",584000.00
"Vp Marketing","21 - 30 years",583000.00
"Senior Security Engineer","11 - 20 years",583000.00
"Director Of Product","11 - 20 years",582950.00
"Director Of Communications","8 - 10 years",581800.00
"Sr. Software Engineer","21 - 30 years",581000.00
"Project Manager","31 - 40 years",579384.00
"Systems Engineer","5-7 years",579014.00
"Research Scientist","8 - 10 years",577736.00
Associate,"1 year or less",577435.00
"Director Of Human Resources","21 - 30 years",575380.00
"Lead Engineer","21 - 30 years",575000.00
"Senior Software Engineer ","21 - 30 years",574422.00
"Business Development Manager","11 - 20 years",573750.00
"Web Developer","21 - 30 years",572425.00
Registrar,"11 - 20 years",571780.00
"Senior Data Scientist","11 - 20 years",570550.00
"Middle School Social Studies Teacher","2 - 4 years",570000.00
"Director Of Development ","11 - 20 years",570000.00
"Analytics Manager","8 - 10 years",567965.00
"Data Science Manager","11 - 20 years",567500.00
"Senior Business Analyst","21 - 30 years",567380.70
"Technical Director","11 - 20 years",566970.00
"Chief Financial Officer","11 - 20 years",566500.00
"Chief Of Staff","8 - 10 years",566400.00
"Systems Analyst","21 - 30 years",565946.40
"Email Marketing Manager","5-7 years",564500.00
"Attorney ","21 - 30 years",564498.00
"Devops Engineer","8 - 10 years",563300.00
Md,"5-7 years",560000.00
"Svp Hr","21 - 30 years",560000.00
"Sr. Manager, Sre","21 - 30 years",560000.00
"Facilities Coordinator ","1 year or less",560000.00
"Teacher ","11 - 20 years",558583.20
"Engineering Director","21 - 30 years",557500.00
"Social Media Manager","11 - 20 years",557240.00
"Senior Customer Success Manager","11 - 20 years",555439.00
"Associate ","1 year or less",555000.00
"Associate Attorney","1 year or less",555000.00
"Senior Manager, Operations","11 - 20 years",554700.00
"Executive Assistant ","8 - 10 years",552250.00
"Director Of Operations ","11 - 20 years",551700.00
"Solutions Architect","8 - 10 years",551600.00
"Privacy Engineer","11 - 20 years",551000.00
Archivist,"11 - 20 years",550971.00
"Sales Manager","8 - 10 years",550819.00
"Senior Policy Analyst","11 - 20 years",550193.00
"Assistant Leader Of Maths","8 - 10 years",550000.00
"Tv Writer","11 - 20 years",550000.00
"Senior Manager Software Dev","21 - 30 years",550000.00
"Senior Software Engineering Manager","21 - 30 years",547500.00
"Software Engineer","31 - 40 years",546540.00
"Lead Software Engineer","5-7 years",546019.00
"Senior Technical Program Manager","31 - 40 years",545000.00
Cfo,"21 - 30 years",544009.00
Professor,"31 - 40 years",543000.00
"Senior Financial Analyst","21 - 30 years",542901.00
Lawyer,"5-7 years",542900.00
"Team Lead","21 - 30 years",542282.00
"Brand Manager","11 - 20 years",541000.00
"General Manager","8 - 10 years",540700.00
"Vp Finance","8 - 10 years",540000.00
"Senior Product Manager","5-7 years",538964.00
"Engagement Manager","8 - 10 years",538600.00
Scientist,"11 - 20 years",536508.00
Developer,"11 - 20 years",534484.50
"Academic Advisor","5-7 years",532750.00
"Software Engineer Ii","8 - 10 years",532100.00
"Senior Business Analyst","11 - 20 years",530575.30
"Finance Director","11 - 20 years",530000.00
"Executive Director","5-7 years",529651.00
"Content Manager","5-7 years",529642.00
"Associate Attorney ","8 - 10 years",527500.00
"It Manager","8 - 10 years",527445.00
"Financial Analyst","8 - 10 years",527251.00
"Manager, Information Security","8 - 10 years",526500.00
"Vp ","11 - 20 years",525000.00
"Assistant General Counsel","11 - 20 years",525000.00
"Human Resources Business Partner","11 - 20 years",524569.00
"Sr. Product Manager","11 - 20 years",524000.00
"Assistant Vice President","11 - 20 years",523000.00
"Program Manager","31 - 40 years",522700.00
"Attorney Advisor","11 - 20 years",520268.00
"Chief Technology Officer","21 - 30 years",520000.00
Lawyer,"11 - 20 years",519000.00
"Director Of Research","11 - 20 years",519000.00
"Customer Success Manager","2 - 4 years",518884.00
"Social Media Manager","8 - 10 years",518000.00
"Counsel ","11 - 20 years",517500.00
"Senior Accountant","8 - 10 years",516500.00
Epidemiologist,"5-7 years",515120.00
"Director Of Marketing","8 - 10 years",515000.00
"Assistant Project Manager","5-7 years",514150.00
"Program Officer","8 - 10 years",513535.00
Psychologist,"5-7 years",512000.00
"Lead Developer","21 - 30 years",511710.00
"Sales Manager","11 - 20 years",511400.00
"Research Analyst","8 - 10 years",511100.00
"Content Marketing Manager","11 - 20 years",510000.00
"Vp Product Management","21 - 30 years",510000.00
"Data Scientist","1 year or less",510000.00
"Senior Attorney","11 - 20 years",509800.00
"Senior Project Manager ","11 - 20 years",509550.00
"Marketing Director","21 - 30 years",508000.00
"Enterprise Architect","31 - 40 years",507000.00
"Devops Engineer","11 - 20 years",506690.00
"Product Manager ","8 - 10 years",506547.00
"Senior Programmer","11 - 20 years",505500.00
"Chief Marketing Officer","21 - 30 years",505000.00
"Systems Analyst","11 - 20 years",503900.00
"Legal Assistant","5-7 years",502778.50
"Office Manager ","11 - 20 years",502610.00
"Policy Analyst","2 - 4 years",502429.90
Controller,"21 - 30 years",502240.00
"Marketing Manager","2 - 4 years",501529.40
Consultant,"1 year or less",501000.00
"Computer Scientist","21 - 30 years",500800.00
"Instructional Designer","21 - 30 years",500063.00
"Turnip Farmer","8 - 10 years",500000.00
"Svp Sales Engineering","11 - 20 years",500000.00
"Enterprise Account Executive","11 - 20 years",500000.00
"Financial Advisor","11 - 20 years",500000.00
"Corporate Controller","21 - 30 years",500000.00
Economist,"11 - 20 years",498857.00
"Senior Director ","21 - 30 years",497500.00
"Principal Software Architect","11 - 20 years",495000.00
"Human Resources Generalist","11 - 20 years",494700.00
"Ux Designer","5-7 years",494500.00
"Senior Front End Developer","11 - 20 years",493500.00
"Content Manager","11 - 20 years",493225.00
President,"21 - 30 years",492000.00
Copywriter,"11 - 20 years",491720.00
"Principal Product Manager","11 - 20 years",491280.00
"Operations Analyst","11 - 20 years",490000.00
"Senior Technical Program Manager","8 - 10 years",489800.00
"Content Marketing Manager","5-7 years",489623.00
"Senior Associate ","11 - 20 years",488900.00
"Machine Operator ","11 - 20 years",488892.00
"Chief Of Staff","5-7 years",488800.00
"Physician ","21 - 30 years",488000.00
"High School Math Teacher","5-7 years",488000.00
Principal,"11 - 20 years",487000.00
"Digital Director","11 - 20 years",487000.00
"Administrative Assistant","21 - 30 years",486961.00
"Business Development Manager","5-7 years",486540.00
"Process Engineer","8 - 10 years",485000.00
"Registered Nurse","2 - 4 years",484971.00
"Program Director","8 - 10 years",483440.00
"Lead Software Engineer ","11 - 20 years",483000.00
"Project Engineer","8 - 10 years",482600.00
"Financial Analyst","11 - 20 years",482301.90
"Office Administrator","11 - 20 years",481771.00
"Administrative Manager","11 - 20 years",480490.00
"National Sales Coordinator","11 - 20 years",480000.00
"Senior Director, Web And Digital","11 - 20 years",480000.00
Member-Manager,"11 - 20 years",480000.00
"Assistant General Counsel","31 - 40 years",480000.00
"Principal Software Development Engineer","8 - 10 years",480000.00
"Program Manager ","8 - 10 years",480000.00
"Consultant ","8 - 10 years",479580.00
"Of Counsel","8 - 10 years",478000.00
"Research Analyst","5-7 years",477780.00
"Principal Consultant ","11 - 20 years",476512.00
"Corporate Counsel","11 - 20 years",476000.00
"Compliance Officer","11 - 20 years",475380.00
"Email Marketing Manager","11 - 20 years",475160.00
"Project Engineer","2 - 4 years",475096.00
"Principal Engineer","31 - 40 years",475000.00
"Data Engineer","11 - 20 years",474000.00
"Product Designer","5-7 years",473500.00
"Machine Learning Engineer","2 - 4 years",473000.00
"Director Of Strategy","21 - 30 years",473000.00
"Consultant ","5-7 years",472500.00
"Director ","21 - 30 years",471500.00
"Vice President, Financial Planning & Analysis","11 - 20 years",471500.00
"Research Associate","8 - 10 years",471402.50
"Director Of Operations","21 - 30 years",471310.00
"Mechanical Engineer","11 - 20 years",471000.00
"Director ","8 - 10 years",469440.00
"Social Worker","11 - 20 years",468595.00
"Human Resources Director","11 - 20 years",468000.00
"Engineering Manager ","11 - 20 years",468000.00
"Associate General Counsel","5-7 years",467500.00
"Legal Assistant","31 - 40 years",466750.00
"Director, Analytics","11 - 20 years",466500.00
"Hr Business Partner","8 - 10 years",465738.00
"Head Of Product","11 - 20 years",463720.00
"Ux Manager","11 - 20 years",463413.00
"It Project Manager","8 - 10 years",463250.00
"Environmental Consultant","8 - 10 years",462090.00
"Scrum Master","11 - 20 years",462000.00
"Head Of Engineering","11 - 20 years",461925.00
"Risk Manager","11 - 20 years",461300.00
"Director Growth","8 - 10 years",460000.00
"Senior Director Of Engineering","11 - 20 years",460000.00
"Senior Corporate Counsel","31 - 40 years",460000.00
Copywriter,"5-7 years",459696.50
"It Director","8 - 10 years",459000.00
"Product Marketing Manager","11 - 20 years",459000.00
"Senior Producer","11 - 20 years",458604.00
"Director Of Sustainability","11 - 20 years",458000.00
"Senior Legal Editor","11 - 20 years",457228.00
"Creative Director","11 - 20 years",457000.00
"General Counsel & Chief Compliance Officer","11 - 20 years",455000.00
"Medical Writer","5-7 years",454550.00
"Senior Communications Manager","11 - 20 years",452265.00
"Human Resources Director","21 - 30 years",452000.00
"Mechanical Engineer","8 - 10 years",451625.00
"Communications Director","8 - 10 years",451000.00
Physician,"11 - 20 years",450000.00
Coo,"21 - 30 years",450000.00
"Sr Director, Design","11 - 20 years",450000.00
"Assistant Underwriter ","1 year or less",450000.00
"Vice President And General Counsel","31 - 40 years",450000.00
"Programmer ","5-7 years",450000.00
"Director Project Controls ","31 - 40 years",450000.00
"Supply Chain Manager","11 - 20 years",448435.00
"Budget Analyst","11 - 20 years",448416.00
"Social Worker","8 - 10 years",448050.00
"Managing Director","8 - 10 years",448000.00
"Qa Manager","11 - 20 years",447375.00
"Staff Product Manager","11 - 20 years",447000.00
"Marketing Manager ","8 - 10 years",446502.00
Veterinarian,"5-7 years",446500.00
"Administrative Assistant ","11 - 20 years",445311.50
"Staff Engineer","8 - 10 years",445000.00
"Data Science Manager","8 - 10 years",444150.00
"Controller ","11 - 20 years",443875.00
"Engineering Team Lead","11 - 20 years",443750.00
"Legal Assistant","11 - 20 years",441634.10
"Associate Editor","5-7 years",441464.00
"Proposal Manager","21 - 30 years",441038.00
"Senior Electrical Engineer","8 - 10 years",441000.00
Ciso,"21 - 30 years",440280.00
"Chief Advancement Officer","21 - 30 years",440000.00
"Senior Associate (Lawyer)","8 - 10 years",440000.00
"Director Of Engineering","5-7 years",440000.00
"Senior Graphic Designer","5-7 years",439999.00
"Director Of Hr","21 - 30 years",437000.00
"Systems Administrator","11 - 20 years",436468.20
"Staff Engineer","21 - 30 years",436380.00
"User Experience Researcher","5-7 years",436000.00
"Accounts Payable Manager","11 - 20 years",435300.00
Physician,"21 - 30 years",435000.00
"Physical Therapist","11 - 20 years",434883.00
Accountant,"5-7 years",434678.00
"Customer Service Manager","21 - 30 years",434267.00
"Social Media Manager","5-7 years",434190.60
"Sr Ux Designer","11 - 20 years",434000.00
"Senior Systems Engineer","11 - 20 years",433869.00
"Marketing Coordinator","5-7 years",433511.00
"Hr Director ","21 - 30 years",433450.00
"Branch Manager","21 - 30 years",433000.00
"Supervisor ","11 - 20 years",432911.00
"Chief Counsel","21 - 30 years",432000.00
Administrator,"11 - 20 years",431511.00
Developer,"5-7 years",431500.00
"Marketing Coordinator","2 - 4 years",431131.00
"Software Engineer Iii","5-7 years",430000.00
"Vp Of Accounting","11 - 20 years",430000.00
"Technical Writer","8 - 10 years",429772.00
"Data Analyst ","8 - 10 years",429230.00
"Business Manager","21 - 30 years",429000.00
"Sales Engineer","8 - 10 years",427989.60
"Deputy Executive Director","11 - 20 years",427125.00
"Systems Engineer","21 - 30 years",426700.00
"Product Designer","8 - 10 years",426500.00
"Technical Program Manager","8 - 10 years",426000.00
Engineer,"8 - 10 years",425824.00
"Research Analyst","2 - 4 years",425510.00
"Senior Product Marketing Manager","8 - 10 years",425000.00
"Desktop Supporg","5-7 years",425000.00
"Department Manager","11 - 20 years",424300.00
"Director, Product Management","21 - 30 years",424000.00
"Family Physician","5-7 years",423000.00
Teacher,"31 - 40 years",422865.00
"Software Consultant","11 - 20 years",422000.00
"Communications Specialist","2 - 4 years",422000.00
Statistician,"11 - 20 years",421993.00
"Senior Researcher","8 - 10 years",421900.00
"Program Coordinator","8 - 10 years",421701.00
"Ux Designer","2 - 4 years",421640.00
Pharmacist,"8 - 10 years",421020.00
Cfo,"11 - 20 years",420000.00
"Chief Of Pathology","21 - 30 years",420000.00
"Technical Program Manager  ","5-7 years",420000.00
"Onlyfans Creator ","5-7 years",420000.00
"Manager, Program Management","8 - 10 years",420000.00
"Senior Policy Advisor","5-7 years",419017.40
"Senior Research Associate","2 - 4 years",419000.00
"Patent Agent","2 - 4 years",418800.00
"Creative Director","8 - 10 years",418328.00
"Senior Product Manager","2 - 4 years",418250.00
"Senior Research Scientist","11 - 20 years",418000.00
"Research Scientist","21 - 30 years",418000.00
"Research Analyst","11 - 20 years",417600.00
"Policy Director","8 - 10 years",417500.00
"Senior Business Analyst","8 - 10 years",417126.00
"Senior Finance Manager","11 - 20 years",417000.00
"Software Development Engineer","41 years or more",417000.00
"Senior Software Engineer","41 years or more",417000.00
Buyer,"5-7 years",416250.00
"School Psychologist","11 - 20 years",415823.00
"Development Officer","11 - 20 years",415708.00
Epidemiologist,"11 - 20 years",415500.00
"Editorial Director","11 - 20 years",415350.00
"Agile Coach","11 - 20 years",415000.00
"Human Resources Business Partner","8 - 10 years",414800.00
Auditor,"11 - 20 years",414444.00
"Senior Scientist","8 - 10 years",413750.00
"Senior User Experience Researcher","11 - 20 years",413375.00
Controller,"5-7 years",413000.00
"Portfolio Manager","11 - 20 years",412000.00
"Information Security Architect","11 - 20 years",412000.00
Geologist,"11 - 20 years",411468.00
"Design Lead","11 - 20 years",411250.00
"Civil Engineer","11 - 20 years",411080.00
Consultant,"31 - 40 years",411000.00
Paralegal,"31 - 40 years",410500.00
"Vp Of Sales","11 - 20 years",410000.00
"Recruiting Manager","8 - 10 years",410000.00
"Associate Creative Director","11 - 20 years",410000.00
"Senior Managing Director","8 - 10 years",410000.00
"Art Curator And Professor","8 - 10 years",410000.00
"Director, Product Management ","11 - 20 years",410000.00
"Grants Manager","8 - 10 years",409750.00
"Accounting Manager","5-7 years",407389.50
Lawyer,"2 - 4 years",406917.50
Engineer,"5-7 years",406200.00
"Case Manager","5-7 years",405760.00
"Technical Lead / Manager","11 - 20 years",405150.00
"Director Of Government Affairs","11 - 20 years",405000.00
"Technical Writer","2 - 4 years",404650.00
"Creative Director","21 - 30 years",403632.00
Director,"31 - 40 years",402862.00
Lecturer,"8 - 10 years",402537.00
Sre,"11 - 20 years",402500.00
"Senior Data Analyst","11 - 20 years",402425.00
"Senior Technical Writer","8 - 10 years",402160.40
Planner,"5-7 years",401585.00
"Environmental Manager","21 - 30 years",400800.00
"Director Of Customer Success","8 - 10 years",400574.00
"Senior Expert","21 - 30 years",400000.00
"Creative Technologist ","11 - 20 years",400000.00
"Supply Chain Manager","21 - 30 years",400000.00
"Director Of Football","8 - 10 years",400000.00
"Technical Recruiting Manager","8 - 10 years",400000.00
"Sales And Trading","5-7 years",400000.00
"Security Engineering Manager","11 - 20 years",400000.00
"Vice President Of Corporate Communications And Investor Relations","11 - 20 years",400000.00
Cpo,"11 - 20 years",400000.00
"Brand Consultant","11 - 20 years",400000.00
"Policy Analyst","5-7 years",399372.20
Vp,"8 - 10 years",398800.00
"Executive Assistant ","31 - 40 years",398264.60
Pharmacist,"11 - 20 years",397669.00
"Sales Engineering Manager","11 - 20 years",396500.00
"Senior Product Designer","11 - 20 years",395916.00
"Sales Manager ","2 - 4 years",395820.00
Supervisor,"5-7 years",395646.00
"Lead Product Designer","11 - 20 years",395500.00
"Director Of Finance","11 - 20 years",395261.00
"Senior Engineer ","11 - 20 years",395000.00
"Sales Engineer","11 - 20 years",395000.00
"Executive Director","31 - 40 years",395000.00
"Production Engineer","11 - 20 years",395000.00
Lawyer,"8 - 10 years",394782.00
Curator,"11 - 20 years",394308.00
"Product Owner","21 - 30 years",393900.00
"Art Director Of (Sub Category)","11 - 20 years",393750.00
"Store Manager","21 - 30 years",393128.00
"Senior Systems Engineer","8 - 10 years",393000.00
"Product Management Leader","8 - 10 years",393000.00
"Sr Director It","21 - 30 years",392000.00
"Director Of Customer Experience","11 - 20 years",391500.00
"Contracts Manager","5-7 years",390650.00
"Content Strategist","5-7 years",390435.00
"Principal Software Engineer","31 - 40 years",390000.00
"Physician Assistant","11 - 20 years",390000.00
Physician,"31 - 40 years",389000.00
"Associate Chairperson","8 - 10 years",389000.00
"Principal Consultant","31 - 40 years",388800.00
"Vp Hr","11 - 20 years",388345.00
Svp,"21 - 30 years",388034.00
"Process Engineer","11 - 20 years",388000.00
"Salesforce Administrator","11 - 20 years",387600.00
Researcher,"11 - 20 years",387020.00
"Principal Scientist","21 - 30 years",387000.00
"Firmware Engineer","11 - 20 years",387000.00
"Electrical Engineer","11 - 20 years",386500.00
"Senior Research Analyst","5-7 years",386400.00
"Software Engineer 2","5-7 years",385900.00
Copywriter,"8 - 10 years",385843.00
"Tech Lead","11 - 20 years",384180.00
"Customer Service Manager","11 - 20 years",383575.00
"Communications Strategist","5-7 years",383500.00
"Senior Product Designer","21 - 30 years",382692.00
"Database Administrator","21 - 30 years",382690.00
"Senior Security Analyst","5-7 years",382500.00
"Senior Editor","5-7 years",381800.00
"Financial Analyst","5-7 years",381221.00
"Chief Engineer","21 - 30 years",381000.00
"Account Executive ","21 - 30 years",380000.00
"Head Of Sales","11 - 20 years",380000.00
Banker,"11 - 20 years",380000.00
"Investment Professional","5-7 years",380000.00
"Ml/Ai Scientist","8 - 10 years",380000.00
"Senior Associate ","5-7 years",378457.60
"Site Reliability Engineer","8 - 10 years",378120.00
"Senior Director, Strategy","11 - 20 years",378000.00
"Media Director","11 - 20 years",378000.00
"Orthopedic Surgeon","8 - 10 years",378000.00
"Senior Manager - Tax","8 - 10 years",378000.00
"Sales Director","21 - 30 years",378000.00
Translator,"21 - 30 years",377708.50
"Finance Manager","21 - 30 years",377310.00
"Digital Designer","11 - 20 years",377000.00
"Sr. Program Manager","11 - 20 years",376854.00
"It Business Analyst","11 - 20 years",376400.00
"Quality Assurance Manager","11 - 20 years",376284.50
"Team Leader","11 - 20 years",375576.00
"Product Owner","5-7 years",374960.00
"Deputy Ceo","21 - 30 years",374460.00
"Head Of Infrastructure ","21 - 30 years",374400.00
"Senior Policy Analyst","8 - 10 years",374144.00
"Store Manager","11 - 20 years",374031.00
"Senior Engineer ","8 - 10 years",374000.00
"Vp, Controller","21 - 30 years",374000.00
"Hr Generalist","21 - 30 years",372968.00
"Software Engineer Ii","11 - 20 years",372750.00
"Assistant Manager","5-7 years",372713.40
"Lead Data Scientist","11 - 20 years",372000.00
"Managing Director","21 - 30 years",371000.00
"Vice President","31 - 40 years",370924.80
"Senior Network Engineer","11 - 20 years",370560.00
"Hr Generalist ","11 - 20 years",370436.00
"It Director","11 - 20 years",370250.00
"Senior Product Line Manager","11 - 20 years",370000.00
Provost,"31 - 40 years",370000.00
"Senior Ux Researcher","5-7 years",370000.00
"Senior Software Development Engineer","8 - 10 years",370000.00
"Senior Consultant ","8 - 10 years",370000.00
"Senior Program Manager ","21 - 30 years",369727.00
"Associate General Counsel ","11 - 20 years",369000.00
"Head Of School","21 - 30 years",368500.00
"Physical Therapist","5-7 years",367000.00
"Academic Advisor","8 - 10 years",367000.00
"Hr Business Partner","21 - 30 years",366685.00
"Full Stack Developer","11 - 20 years",366661.00
Lawyer,"41 years or more",366000.00
"Sr Manager","11 - 20 years",365000.00
